target_format,requirement,input_source,transformation,custom_fields_needed,traceability_preserved,risk,blocker
COCO JSON,image_metadata,PHASE 2A phase2a_image_metadata.csv,"Extract image_id → id, image_width, image_height, filename",file_name must be constructed (image_id + extension),YES — rad_id and source_row_id as extra annotation fields,LOW — standard JSON field extension,NO
COCO JSON,category_list,canonical_class_mapping.csv (PHASE 2B),Map canonical_class_id → COCO category id (1-indexed). No Finding excluded.,None — standard COCO 'categories' list,YES,LOW — trivial remapping (0-indexed → 1-indexed or keep 0-indexed),NO
COCO JSON,bbox_format,canonical_bbox_annotations.csv (PHASE 2B),"Convert [x_min, y_min, x_max, y_max] → COCO [x_min, y_min, width, height]",None — computed from existing cols,YES,VERY LOW — single arithmetic step,NO
COCO JSON,negative_images,canonical_image_annotations.csv (PHASE 2B),Images with image_label_type='no_finding' get empty 'annotations': [] list,None,YES,VERY LOW,NO
YOLO TXT,coordinate_normalisation,canonical_bbox_annotations.csv + PHASE 2A image dims,"Normalise pixel [x,y,w,h] by image_width/image_height → relative [0..1]. Requires image_width/image_height per image.",None,NO — rad_id and source_row_id lost in plain txt,HIGH — metadata loss; requires sidecar solution,PARTIAL — solvable with sidecar JSON
YOLO TXT,negative_images,canonical_image_annotations.csv (PHASE 2B),Create empty .txt file for no_finding images (or use dataset.yaml 'nc' flag with empty files). Convention differs by YOLO version.,Framework-version-specific yaml configuration,N/A,MEDIUM — convention varies by YOLOv5 vs v8 vs v9,"NO, but requires careful documentation"
YOLO TXT,class_names_file,canonical_class_mapping.csv (PHASE 2B),Write sorted detection class names to data.yaml,"YOLO data.yaml with 'nc', 'names'",YES (at class level),LOW,NO
Pascal VOC XML,per_image_xml_generation,canonical_bbox_annotations.csv + PHASE 2A image dims,"Generate one XML file per image_id. 4,894 XML files required.","Custom XML attributes for rad_id, source_row_id",PARTIAL — possible via custom attributes but non-standard,"MEDIUM — 4,894 files to manage; no universal reader","NO, but high engineering overhead"
Pascal VOC XML,negative_images,canonical_image_annotations.csv (PHASE 2B),Generate XML with no <object> tags for no_finding images.,None,YES,LOW — standard empty annotation,NO
